{
    "timestamp": "20251026-155637",
    "settings": "settings/NBTI_GAX2.toml",
    "chip": "cnfet_scaling_w2_x_2_y_1_lc_400_lch_160",
    "device": "mod_fet_tlm_pmos_lc_0.20_lch_0.40_lov_0.06_gateasym_0.00_w_4.0_19",
    "polarity": "PMOS",
    "tstart": 0.01,
    "tend": 10000.0,
    "samples": 100,
    "efield_ox": -6.0,
    "eot": 2.73,
    "v_read": -0.8,
    "v_gate": -2.5019362453418004,
    "v_read_gate_bias": -1.9,
    "v_boost": 1.0,
    "v_wl_initial_sweep": [
        0.4,
        0.30000000000000004,
        0.20000000000000004,
        0.10000000000000003,
        0.0,
        -0.09999999999999992,
        -0.19999999999999996,
        -0.29999999999999993,
        -0.3999999999999999,
        -0.4999999999999999,
        -0.5999999999999999,
        -0.6999999999999998,
        -0.7999999999999999,
        -0.8999999999999998,
        -0.9999999999999999,
        -1.0999999999999996,
        -1.1999999999999997,
        -1.2999999999999998,
        -1.4,
        -1.5,
        -1.5999999999999996,
        -1.6999999999999997,
        -1.7999999999999998,
        -1.9,
        -2.0
    ],
    "v_t_initial": -0.8639362453418004,
    "v_s": 1.0,
    "v_d": 0.19999999999999996,
    "v_g_read": -0.8999999999999999,
    "v_g_stress": -1.5019362453418004,
    "v_g_relax": 1.0,
    "ac": false,
    "ac_mode": "",
    "ac_freq": 100000.0,
    "ac_dutycycle": 0.1,
    "ac_period": 1e-05,
    "ac_t_stress": 1.0000000000000002e-06,
    "ac_t_relax": 9e-06,
    "t_unit": 5e-08
}