{
  "t": [
    0.010655000000000001,
    0.012160500000000001,
    0.013642600000000001,
    0.0157118,
    0.0178216,
    0.020885900000000002,
    0.023861,
    0.0268402,
    0.030858800000000002,
    0.0354114,
    0.041401400000000005,
    0.0474134,
    0.054409200000000005,
    0.062373700000000004,
    0.07129830000000001,
    0.0813263,
    0.09428700000000001,
    0.10825800000000001,
    0.1242126,
    0.1421637,
    0.16343400000000002,
    0.1883532,
    0.21630080000000002,
    0.24784440000000002,
    0.28547530000000004,
    0.32833,
    0.3772048,
    0.4330605,
    0.49850730000000004,
    0.5729080000000001,
    0.6583288,
    0.7570184000000001,
    0.8703378,
    1.0009328,
    1.1499604,
    1.3224359,
    1.5208857,
    1.7479133,
    2.0098851,
    2.3105366000000003,
    2.6570572,
    3.0545332000000003,
    3.5116180000000004,
    4.0375874000000005,
    4.64167,
    5.3373738,
    6.136506000000001,
    7.055440000000001,
    8.1116598,
    9.3267898,
    10.7231342,
    12.3293178,
    14.175230800000001,
    16.298118000000002,
    18.738603,
    21.544795200000003,
    24.770945,
    28.480663000000003,
    32.74579,
    37.6501582,
    43.288064500000004,
    49.7707957,
    57.2238246,
    65.7938103,
    75.64664590000001,
    86.9753472,
    100.00035650000001,
    114.97633110000001,
    132.1942924,
    151.99159260000002,
    174.75358690000002,
    200.92372690000002,
    231.013137,
    265.60923560000003,
    305.38616690000003,
    351.1196739,
    403.7023522,
    464.1597123,
    533.6705297000001,
    613.5911712000001,
    705.4808790000001,
    811.1316414,
    932.6039518,
    1072.2681958,
    1232.8475602,
    1417.4743663000002,
    1629.7516082000002,
    1873.8182454,
    2154.4349665,
    2477.0765619000003,
    2848.0361919,
    3274.5500629000003,
    3764.9367100000004,
    4328.761740700001,
    4977.0237480000005,
    5722.3682233,
    6579.333359900001,
    7564.633530200001,
    8697.4907076,
    10000.000461900001
  ],
  "i_d": [
    -4.541626820101311e-06,
    -4.545338158230328e-06,
    -4.448787973769482e-06,
    -4.381208383957517e-06,
    -4.28454741328387e-06,
    -4.231093065604759e-06,
    -4.217632540748754e-06,
    -4.070730022567346e-06,
    -3.824452271498548e-06,
    -3.7845692348882027e-06,
    -3.662261255949867e-06,
    -3.5664311818722527e-06,
    -3.552859870803467e-06,
    -3.5636615265520904e-06,
    -3.437143671527091e-06,
    -3.2489732890752755e-06,
    -3.1649973397679607e-06,
    -3.0429663263616292e-06,
    -2.98170155067964e-06,
    -2.9817569437860404e-06,
    -2.8316970185396632e-06,
    -2.7852222022673582e-06,
    -2.885760690389224e-06,
    -2.7089458947500806e-06,
    -2.6782581138026953e-06,
    -2.4685952060664135e-06,
    -2.3969165263806455e-06,
    -2.2732791128886095e-06,
    -2.2424251526220014e-06,
    -2.1715773695322463e-06,
    -2.1612742517412295e-06,
    -2.0344794311842057e-06,
    -2.026669003181367e-06,
    -1.9760397039288194e-06,
    -1.961415923838357e-06,
    -1.8732300984443988e-06,
    -1.7464906709937756e-06,
    -1.727989373455095e-06,
    -1.7865952800297243e-06,
    -1.6263984163115533e-06,
    -1.475064449617897e-06,
    -1.4506360896940663e-06,
    -1.2753723010342065e-06,
    -1.253713596430558e-06,
    -1.1362248177492753e-06,
    -1.103210526332934e-06,
    -1.2077927112222613e-06,
    -1.1045953539930353e-06,
    -1.0562925652094024e-06,
    -9.905409479087445e-07,
    -9.703778571779787e-07,
    -9.995146311460807e-07,
    -9.242907926504793e-07,
    -9.074512883038837e-07,
    -9.194161992870053e-07,
    -8.178806352498444e-07,
    -8.101809934598077e-07,
    -7.424906174350405e-07,
    -7.661988669756202e-07,
    -6.774037174112328e-07,
    -6.867651523933749e-07,
    -6.529199643810013e-07,
    -6.27660707861118e-07,
    -5.937601267423235e-07,
    -6.287131768827738e-07,
    -4.913936661091502e-07,
    -4.5632982975589805e-07,
    -4.6907024422863133e-07,
    -4.557758986918496e-07,
    -4.424261600486871e-07,
    -4.450850291560475e-07,
    -4.2824552480945184e-07,
    -4.0143526131028504e-07,
    -3.602227901462797e-07,
    -3.2549131243143256e-07,
    -3.002320559115492e-07,
    -3.0848562876565463e-07,
    -3.217799743024364e-07,
    -2.9364027624958945e-07,
    -2.739203303700301e-07,
    -2.4373108738027205e-07,
    -2.482179289988999e-07,
    -2.388011009103772e-07,
    -2.45448273678758e-07,
    -2.407398596344866e-07,
    -2.1260016158161945e-07,
    -2.2041058958447798e-07,
    -2.1448352719932798e-07,
    -2.0595298881323864e-07,
    -2.2883034175778583e-07,
    -2.1464970651855063e-07,
    -2.1642228592345753e-07,
    -2.0113378855616554e-07,
    -1.7022443518315652e-07,
    -2.2589450711842133e-07,
    -2.4062907342168495e-07,
    -2.0495591289798354e-07,
    -2.4434041155070126e-07,
    -2.619554193869084e-07,
    -2.6001666066279897e-07
  ]
}