{
  "t": [
    0.0108696,
    0.0125097,
    0.0140832,
    0.0154727,
    0.017762700000000003,
    0.0208003,
    0.023806800000000003,
    0.026792700000000003,
    0.0307668,
    0.0357528,
    0.0407403,
    0.0467252,
    0.054368900000000005,
    0.0623575,
    0.0713227,
    0.08129270000000001,
    0.09425850000000001,
    0.10818290000000001,
    0.1241952,
    0.1421481,
    0.1630937,
    0.1875522,
    0.21551930000000002,
    0.24802780000000002,
    0.2851247,
    0.3279493,
    0.3768305,
    0.43333400000000005,
    0.49816380000000005,
    0.5727285000000001,
    0.6583153,
    0.7570818,
    0.8704341000000001,
    1.000436,
    1.1505473000000002,
    1.3239371,
    1.5208513000000001,
    1.7478142,
    2.0098118,
    2.310988,
    2.6568406,
    3.054358,
    3.5121640000000003,
    4.037962,
    4.641820500000001,
    5.3375010000000005,
    6.1364242,
    7.0551145,
    8.1114637,
    9.3270047,
    10.723163900000001,
    12.3285648,
    14.175042600000001,
    16.297916700000002,
    18.7383546,
    21.5454541,
    24.771725,
    28.481066400000003,
    32.7458856,
    37.6498074,
    43.288062200000006,
    49.7706436,
    57.224491,
    65.7940773,
    75.6467234,
    86.9751233,
    100.0002755,
    114.97620250000001,
    132.1946978,
    151.9912906,
    174.753601,
    200.92422100000002,
    231.01322190000002,
    265.6090249,
    305.38631130000005,
    351.1197837,
    403.7022951,
    464.1594402,
    533.6706838,
    613.5908982000001,
    705.4804477,
    811.1314421000001,
    932.6035865,
    1072.2679189,
    1232.846921,
    1417.4745358,
    1629.7510544000002,
    1873.8179134000002,
    2154.4351197,
    2477.0768853,
    2848.0366073,
    3274.5495905000002,
    3764.9366534,
    4328.7620560000005,
    4977.0244723000005,
    5722.3683345,
    6579.3327226,
    7564.634006,
    8697.4903593,
    10000.0002637
  ],
  "i_d": [
    -6.503718814864627e-07,
    -7.217182025338252e-07,
    -7.203887679801451e-07,
    -7.42989155392668e-07,
    -7.626537081658265e-07,
    -7.519074455235833e-07,
    -7.721259293607701e-07,
    -7.515196937787775e-07,
    -7.403856793917286e-07,
    -7.800471435764303e-07,
    -7.700209913174381e-07,
    -7.6486943242194e-07,
    -7.598840528456443e-07,
    -7.11027332998003e-07,
    -7.314673892607932e-07,
    -7.507995833955265e-07,
    -7.545663146309437e-07,
    -7.822074747261632e-07,
    -7.36785127475514e-07,
    -7.367297343691131e-07,
    -7.300271684943114e-07,
    -7.446509485847733e-07,
    -7.08922394954671e-07,
    -6.946309735026341e-07,
    -6.760188897511518e-07,
    -7.259834717268699e-07,
    -6.368559635240575e-07,
    -6.703133997916051e-07,
    -6.371883221624825e-07,
    -6.484331227623332e-07,
    -6.182992728789759e-07,
    -6.231184731360692e-07,
    -6.555234403819406e-07,
    -6.038970652141374e-07,
    -6.04007851426939e-07,
    -6.181330935597735e-07,
    -5.614105526028326e-07,
    -5.477838484276458e-07,
    -5.273437921648557e-07,
    -5.247403161639164e-07,
    -5.552619177920793e-07,
    -3.843741845380862e-07,
    -5.186470744595437e-07,
    -5.163759570970092e-07,
    -5.338247856140341e-07,
    -4.792625758068462e-07,
    -5.392533100415363e-07,
    -5.384224134455039e-07,
    -4.5909948507606013e-07,
    -5.103935016054585e-07,
    -5.883316023148212e-07,
    -5.392533100415363e-07,
    -5.753142223100637e-07,
    -6.315382253093367e-07,
    -5.162651708842076e-07,
    -5.853403745690559e-07,
    -6.740801310270424e-07,
    -6.504272745928434e-07,
    -7.587207976111867e-07,
    -7.673067291036769e-07,
    -7.895747578777949e-07,
    -8.556587338168578e-07,
    -8.443585401105862e-07,
    -8.908333563829115e-07,
    -8.046416828194634e-07,
    -7.029399394631203e-07,
    -9.309933585252608e-07,
    -1.0322519570303976e-06,
    -1.0818287872612896e-06,
    -1.0120334731932107e-06,
    -1.23670791276476e-06,
    -1.2848445222291704e-06,
    -1.3196867861567991e-06,
    -1.4837611673232089e-06,
    -1.7143626692798883e-06,
    -1.7282109458806983e-06,
    -1.8114113916983808e-06,
    -2.0272783273518167e-06,
    -2.1274290637288767e-06,
    -2.2417050422387302e-06,
    -2.6300661112318634e-06,
    -2.4581259089562144e-06,
    -2.880110593536098e-06,
    -2.6546052573685164e-06,
    -2.89933200145803e-06,
    -3.0705520933504477e-06,
    -3.2325769295799264e-06,
    -3.629856288703955e-06,
    -4.108508121134358e-06,
    -4.158971241067705e-06,
    -4.253915025442864e-06,
    -4.489335727656638e-06,
    -4.6458212532457916e-06,
    -4.7042609805012185e-06,
    -5.00349454129152e-06,
    -5.114502326523624e-06,
    -5.020167866318893e-06,
    -5.620241387985219e-06,
    -5.590273717421044e-06,
    -5.609772090874999e-06
  ]
}