{
  "t": [
    0.0101828,
    0.0117024,
    0.0136378,
    0.0157399,
    0.0178117,
    0.0207885,
    0.023770700000000002,
    0.0268286,
    0.030814800000000003,
    0.0358045,
    0.040778800000000004,
    0.0467868,
    0.0537803,
    0.061692500000000004,
    0.0706775,
    0.0816647,
    0.0935619,
    0.1075253,
    0.1240881,
    0.1420893,
    0.1639816,
    0.187922,
    0.21589550000000002,
    0.24775750000000002,
    0.28571850000000004,
    0.32825960000000004,
    0.3771917,
    0.433091,
    0.4979428,
    0.5723937,
    0.6580999000000001,
    0.7565607000000001,
    0.8702556,
    1.000733,
    1.1498695,
    1.3230306,
    1.5204176,
    1.7482024,
    2.0101194000000002,
    2.3107929,
    2.6565193000000002,
    3.0546083000000004,
    3.5119101,
    4.0378038,
    4.6420725,
    5.337456,
    6.136057200000001,
    7.0552627,
    8.111956000000001,
    9.326794300000001,
    10.7237691,
    12.329051900000001,
    14.175041,
    16.297983900000002,
    18.738452900000002,
    21.5447375,
    24.770893,
    28.481052100000003,
    32.7463056,
    37.649473,
    43.288356900000004,
    49.7711872,
    57.223900900000004,
    65.7940215,
    75.64704230000001,
    86.97522790000001,
    100.00075170000001,
    114.9765691,
    132.1946341,
    151.991881,
    174.75385020000002,
    200.9240641,
    231.01325060000002,
    265.6093865,
    305.386507,
    351.11958710000005,
    403.70263570000003,
    464.1597168,
    533.6708464000001,
    613.591094,
    705.4809462000001,
    811.1319089000001,
    932.6042246000001,
    1072.2673922000001,
    1232.8474464,
    1417.4752451000002,
    1629.7512505000002,
    1873.8181724,
    2154.4357762,
    2477.0767957000003,
    2848.0365387,
    3274.5496126000003,
    3764.9362584,
    4328.7617903,
    4977.0246437000005,
    5722.368668800001,
    6579.3331785,
    7564.634053700001
  ],
  "i_d": [
    -8.201172394631402e-06,
    -8.160015316573798e-06,
    -8.258725832184354e-06,
    -8.135420777330765e-06,
    -8.171647868918474e-06,
    -8.165831592746145e-06,
    -8.09620245799727e-06,
    -8.191644780330036e-06,
    -8.199289029013693e-06,
    -8.172700337940151e-06,
    -8.346191547195083e-06,
    -8.45459585642623e-06,
    -8.45465124953263e-06,
    -8.359652072051087e-06,
    -8.341206167618807e-06,
    -8.26891816376259e-06,
    -8.34403121604537e-06,
    -8.521178370322939e-06,
    -8.404243522705684e-06,
    -8.437147027909203e-06,
    -8.248644286818983e-06,
    -8.286588564705197e-06,
    -8.239504424262444e-06,
    -8.496140686228658e-06,
    -8.335112925914454e-06,
    -8.357768706433358e-06,
    -8.364969810265807e-06,
    -8.520125901301262e-06,
    -8.452380132170114e-06,
    -8.325252952974665e-06,
    -8.275786908956573e-06,
    -8.41194316449574e-06,
    -8.164446765086045e-06,
    -8.099581437487861e-06,
    -8.197239484076783e-06,
    -8.355829947709249e-06,
    -8.411444626538114e-06,
    -8.364526665414562e-06,
    -8.276673198659027e-06,
    -8.36513598958499e-06,
    -8.279276674659987e-06,
    -8.077590374245768e-06,
    -8.191257028585232e-06,
    -8.11603319008963e-06,
    -8.079362953650694e-06,
    -8.04236035857331e-06,
    -7.721523486285744e-06,
    -8.094263699273159e-06,
    -8.301932455178913e-06,
    -8.00929067405059e-06,
    -8.272906467423612e-06,
    -8.210090684762338e-06,
    -8.318328814674259e-06,
    -7.975334699825395e-06,
    -7.857624348718509e-06,
    -8.297777972198648e-06,
    -8.315891517992524e-06,
    -7.959990809351702e-06,
    -8.570090483277e-06,
    -8.239393638049643e-06,
    -8.186991759392168e-06,
    -8.27019220520985e-06,
    -7.609130873393578e-06,
    -8.130767756392893e-06,
    -7.495464219054114e-06,
    -7.589355534407619e-06,
    -7.248466357602086e-06,
    -7.316876844010064e-06,
    -7.130479040963155e-06,
    -6.838114225366859e-06,
    -6.614935399668192e-06,
    -6.5635859900323934e-06,
    -6.252719876897415e-06,
    -5.829516543976655e-06,
    -5.953320136787893e-06,
    -5.694412757459144e-06,
    -5.571938599201585e-06,
    -5.436945598896897e-06,
    -4.949597048761181e-06,
    -4.829227828546935e-06,
    -4.617570768980143e-06,
    -4.033173496425955e-06,
    -3.878072798496881e-06,
    -3.4289454917794065e-06,
    -3.177073036963884e-06,
    -2.9109091606963053e-06,
    -2.655713119496573e-06,
    -2.2525066979873944e-06,
    -1.842653103709795e-06,
    -1.3961846660996798e-06,
    -1.1841398547880824e-06,
    -8.56932775264137e-07,
    -5.673930080943833e-07,
    -4.2409104182920883e-07,
    -2.842234481610264e-07,
    -1.7892115288846852e-07,
    -1.296766812959812e-07,
    -9.306183796342549e-08
  ]
}