{
  "t": [
    0.0108888,
    0.012537000000000001,
    0.014075200000000001,
    0.015467600000000001,
    0.0178694,
    0.0209236,
    0.023851800000000003,
    0.0268431,
    0.0308468,
    0.0358329,
    0.0408193,
    0.046791200000000005,
    0.0537764,
    0.0617506,
    0.0707403,
    0.08227630000000001,
    0.0942173,
    0.1081913,
    0.12415110000000001,
    0.1427416,
    0.16330640000000002,
    0.1879078,
    0.2158227,
    0.24872090000000002,
    0.2851729,
    0.3281118,
    0.3765894,
    0.43385330000000005,
    0.49868310000000005,
    0.5731513,
    0.6589263000000001,
    0.7568685,
    0.8706066,
    1.0001597,
    1.1506729,
    1.3226293,
    1.5202643,
    1.7485625,
    2.0097814,
    2.3110530000000002,
    2.65687,
    3.0545419000000003,
    3.512017,
    4.037513000000001,
    4.6417034,
    5.3374914,
    6.136599800000001,
    7.055314600000001,
    8.111648,
    9.3262693,
    10.723735300000001,
    12.3293879,
    14.175596100000002,
    16.297836,
    18.738322200000002,
    21.5448808,
    24.771029600000002,
    28.480777600000003,
    32.746053100000005,
    37.6503713,
    43.2880416,
    49.771133500000005,
    57.2244005,
    65.7937715,
    75.6466819,
    86.9754551,
    100.00026650000001,
    114.9767539,
    132.19505030000002,
    151.9919609,
    174.7533946,
    200.923447,
    231.01374420000002,
    265.60945330000004,
    305.3857995,
    351.119998,
    403.7027082,
    464.1599575,
    533.670521,
    613.5911739000001,
    705.4807489000001,
    811.1310129000001,
    932.6037977000001,
    1072.2677466,
    1232.8477798000001,
    1417.474915,
    1629.7511735,
    1873.8175696,
    2154.4356386,
    2477.0768626000004,
    2848.0370302,
    3274.5498971,
    3764.9367041,
    4328.761738,
    4977.0239158,
    5722.368308,
    6579.3329136,
    7564.6339618,
    8697.4904019,
    10000.000269900002
  ],
  "i_d": [
    -4.772684239763359e-07,
    -5.190902193107705e-07,
    -5.172622467994627e-07,
    -5.448480137882814e-07,
    -5.597487594107474e-07,
    -5.460666621291397e-07,
    -5.512182210246581e-07,
    -5.750372567780394e-07,
    -5.875560988251895e-07,
    -6.120952449618218e-07,
    -5.437955447666254e-07,
    -5.522152969398929e-07,
    -5.785824155878533e-07,
    -5.738740015435617e-07,
    -5.658973942215006e-07,
    -5.863928435907118e-07,
    -5.575330351546138e-07,
    -5.729877118411081e-07,
    -5.847310503986065e-07,
    -6.05060320448595e-07,
    -5.652880700510715e-07,
    -5.777515189917804e-07,
    -5.594164007723223e-07,
    -5.611335870708285e-07,
    -5.22026053950135e-07,
    -5.554280971113019e-07,
    -4.952157904509681e-07,
    -5.844540848666024e-07,
    -5.894948575492787e-07,
    -5.434077930217995e-07,
    -5.700518772017437e-07,
    -5.416906067232933e-07,
    -6.325906943310128e-07,
    -5.904919334645539e-07,
    -6.159173693036196e-07,
    -6.160835486228423e-07,
    -6.518674953593454e-07,
    -6.58957812978953e-07,
    -6.897563801391603e-07,
    -6.260543077754337e-07,
    -7.607149494417171e-07,
    -6.59954888894208e-07,
    -7.197794438096957e-07,
    -7.250417889180157e-07,
    -7.733445777016487e-07,
    -7.703533499558632e-07,
    -8.514488577302138e-07,
    -8.113996418006661e-07,
    -8.480698782396226e-07,
    -8.043093241810586e-07,
    -8.548832303272059e-07,
    -9.99071486294854e-07,
    -9.947508239953884e-07,
    -1.0495899993346004e-06,
    -9.82785913012307e-07,
    -1.1743352749547135e-06,
    -1.1622595777588105e-06,
    -1.1671341711222842e-06,
    -1.2958677504034177e-06,
    -1.2567602172827243e-06,
    -1.420834598449114e-06,
    -1.5025948235003148e-06,
    -1.511568506737651e-06,
    -1.5933287317888115e-06,
    -1.8408805243049082e-06,
    -1.7516976229956948e-06,
    -1.8695741534217835e-06,
    -1.7365199118412047e-06,
    -1.8875215198964359e-06,
    -1.9296202807628946e-06,
    -2.0809542474565514e-06,
    -2.2425359388348033e-06,
    -2.420126237963578e-06,
    -2.4063887475755897e-06,
    -2.5972179991347452e-06,
    -2.4153070377065047e-06,
    -2.917667119677508e-06,
    -3.039642739977439e-06,
    -3.0149928076279845e-06,
    -3.163944870746305e-06,
    -3.339873376682995e-06,
    -3.4101118356023006e-06,
    -3.2187840460855172e-06,
    -3.2893548636432483e-06,
    -3.4524875620007835e-06,
    -3.8231782300512685e-06,
    -4.199906746699725e-06,
    -4.1055168933885926e-06,
    -4.252474804676384e-06,
    -4.399543502176995e-06,
    -4.235690693436208e-06,
    -4.7338408993205475e-06,
    -4.594527236716414e-06,
    -4.679167903300558e-06,
    -4.951425021272469e-06,
    -5.1123419953738915e-06,
    -5.28289736998946e-06,
    -4.521962267328173e-06,
    -5.064039206590258e-06,
    -5.190834027147282e-06
  ]
}