{
  "t": [
    0.0045000000000000005,
    0.0105,
    0.023,
    0.049,
    0.10600000000000001,
    0.2275,
    0.488,
    1.048,
    2.249,
    4.8265,
    10.3585,
    22.2295,
    47.705,
    102.32,
    219.69,
    471.385,
    1011.665,
    2170.6679999999997
  ],
  "t_meas": [
    0.0112644,
    0.025072300000000002,
    0.0513535,
    0.10479060000000001,
    0.22017560000000003,
    0.46480550000000004,
    0.9874998,
    2.108908,
    4.5123403,
    9.6689708,
    20.734728800000003,
    44.478390000000005,
    95.43158700000001,
    204.6648977,
    439.4100169,
    942.8088331,
    2023.3848668,
    4341.4217765
  ],
  "i_d": [
    -5.559820281753303e-07,
    -5.533231590679901e-07,
    -5.780284845238249e-07,
    -5.727661394155048e-07,
    -5.825707192488737e-07,
    -5.831246503129223e-07,
    -5.928738370398901e-07,
    -5.871683470803434e-07,
    -5.965851751689064e-07,
    -5.781946638430273e-07,
    -5.955327061472304e-07,
    -5.331046752308032e-07,
    -5.03303183985851e-07,
    -4.0575592360975073e-07,
    -2.815091859472652e-07,
    -1.6795331782062204e-07,
    -8.209400289559917e-08,
    -4.31526490941283e-08
  ]
}