v_bl,i_bl,v_sl,i_sl,v_wl,i_wl
-0.8005696898730364,-5.819060019720436e-07,-0.00062421761969694,5.969204122282255e-07,0.3994100389358807,-6.445012464418712e-10
-0.7994087882381947,-3.021708146356788e-07,-0.0004777317162834538,3.1836186643671324e-07,0.19983053910085422,3.975136136094031e-10
-0.7992000456729387,-1.0635618350022741e-07,-0.00035871191976007946,1.1915446112843439e-07,2.947958033337529e-05,2.972510153907127e-10
-0.7997420439125493,-4.83042079896063e-08,-0.0005106910445513216,6.234430792021108e-08,-0.20099107374629033,-5.657234906974979e-10
-0.799373997810652,-3.1741669175055106e-08,-0.0005930893652209912,4.7927229764648756e-08,-0.4011180640438177,3.760287711337833e-10
-0.7990791947141069,-6.91874091036433e-08,-0.00020123957358974913,8.396992515355459e-08,-0.6010198325122897,1.0026700099953875e-09
-0.7995900646764427,-2.095535407294533e-07,-0.0004136441335396372,2.3105844871689138e-07,-0.8010772420821413,-1.0698393420858754e-11
