{
  "t": [
    0.0045000000000000005,
    0.0105,
    0.023,
    0.049,
    0.10600000000000001,
    0.2275,
    0.488,
    1.048,
    2.249,
    4.8265,
    10.3585,
    22.2295,
    47.705,
    102.32,
    219.69,
    471.385,
    1011.665,
    2170.6679999999997,
    4660.464,
    9998.742
  ],
  "t_meas": [
    0.011090500000000001,
    0.0244949,
    0.0507801,
    0.104439,
    0.2199743,
    0.4644147,
    0.9870261,
    2.1084432,
    4.5118595,
    9.6684087,
    20.7339202,
    44.4778335,
    95.43098970000001,
    204.66438430000002,
    439.4094503,
    942.8080802000001,
    2023.3838206,
    4341.4204406,
    9321.0759609,
    19997.762312900002
  ],
  "i_d": [
    -5.871811199344454e-08,
    -5.905047063186963e-08,
    -5.6668567056533514e-08,
    -5.567149114127841e-08,
    -5.24586909698695e-08,
    -5.362194620432707e-08,
    -5.3843518629950514e-08,
    -5.118464952259013e-08,
    -4.6254663052695264e-08,
    -4.365118705175586e-08,
    -4.354040083895421e-08,
    -3.894277300748444e-08,
    -3.3458855473541054e-08,
    -3.246177955828595e-08,
    -3.290492440953283e-08,
    -3.135391743024935e-08,
    -3.1076951898225086e-08,
    -3.5619186623294034e-08,
    -3.905355922028608e-08,
    -4.83042079896063e-08
  ]
}