{
  "t": [
    0.010306300000000001,
    0.0118159,
    0.013349600000000001,
    0.015319000000000001,
    0.018362200000000002,
    0.0205655,
    0.023701800000000002,
    0.026835400000000002,
    0.030884900000000003,
    0.0358672,
    0.040848300000000004,
    0.0468311,
    0.0538172,
    0.06179610000000001,
    0.0707948,
    0.0817692,
    0.0937022,
    0.1076885,
    0.12428510000000001,
    0.1422108,
    0.1631485,
    0.1876776,
    0.21558660000000002,
    0.24812720000000002,
    0.28503330000000004,
    0.3279134,
    0.3769178,
    0.4334488,
    0.49786860000000005,
    0.5732938000000001,
    0.6586632,
    0.7571289,
    0.8706629,
    1.0003874000000001,
    1.150679,
    1.3229672000000001,
    1.5204893000000002,
    1.7477831000000001,
    2.0101945000000003,
    2.3110597,
    2.6570987,
    3.0547711000000004,
    3.5113669,
    4.038029900000001,
    4.641962,
    5.3374779000000006,
    6.1361673,
    7.0554607,
    8.1123347,
    9.3264721,
    10.723193700000001,
    12.329202400000002,
    14.175732100000001,
    16.297881500000003,
    18.7391337,
    21.5446256,
    24.7716415,
    28.4806007,
    32.7465241,
    37.6500672,
    43.287770900000005,
    49.7710226,
    57.224079100000004,
    65.7941608,
    75.64738720000001,
    86.9751466,
    100.00088760000001,
    114.9765117,
    132.1951172,
    151.9914329,
    174.7537742,
    200.92350040000002,
    231.0131839,
    265.6095555,
    305.386325,
    351.1200749,
    403.702036,
    464.1596038,
    533.6703612,
    613.5911691,
    705.4810013,
    811.1313056,
    932.6037595,
    1072.2682643,
    1232.8474905,
    1417.4744693,
    1629.7517908000002,
    1873.8184373000001,
    2154.4356154,
    2477.0765129
  ],
  "i_d": [
    -9.46169792394355e-06,
    -9.557084853169938e-06,
    -9.443972129894522e-06,
    -9.31479540576216e-06,
    -9.3067634053337e-06,
    -9.289757721667901e-06,
    -9.243504477821179e-06,
    -9.279565390089705e-06,
    -9.154321576511985e-06,
    -8.988973153898296e-06,
    -8.465009760430046e-06,
    -8.373555741758298e-06,
    -8.255900783757812e-06,
    -8.163338902957988e-06,
    -8.322538690760904e-06,
    -8.13309426686183e-06,
    -7.79907383525028e-06,
    -7.721024948328117e-06,
    -7.663416117668742e-06,
    -7.520003365190747e-06,
    -7.42073891851614e-06,
    -7.385508902843686e-06,
    -7.5280353656192285e-06,
    -7.259489585776314e-06,
    -7.034039642715112e-06,
    -7.107934046657053e-06,
    -7.0170339590493345e-06,
    -6.8435981429007825e-06,
    -6.776461697940044e-06,
    -6.66351515398383e-06,
    -6.582585825528702e-06,
    -6.303238389937183e-06,
    -6.3125444318129035e-06,
    -6.092966158030471e-06,
    -5.97952107611663e-06,
    -5.8929970439147775e-06,
    -5.870396656502254e-06,
    -5.729864345557222e-06,
    -5.682835598220868e-06,
    -5.324220627366306e-06,
    -5.093619125409607e-06,
    -5.0600509029292375e-06,
    -5.070464806933036e-06,
    -4.995185575331033e-06,
    -4.9181891574305444e-06,
    -4.780371108699274e-06,
    -4.700217283733777e-06,
    -4.544341082315072e-06,
    -4.695952014540733e-06,
    -4.6458212532457916e-06,
    -4.591979153821855e-06,
    -4.294905924181268e-06,
    -4.381762315021545e-06,
    -4.125624591012978e-06,
    -4.272582502300768e-06,
    -4.317340132274567e-06,
    -4.1384203985921325e-06,
    -4.053502766475944e-06,
    -3.7687821995633033e-06,
    -4.04735413166519e-06,
    -3.813595222643523e-06,
    -3.419362484371661e-06,
    -3.3028153884992326e-06,
    -3.4693824594537803e-06,
    -3.510317965085761e-06,
    -3.2539032755451703e-06,
    -3.3142263684182855e-06,
    -2.9083610778017465e-06,
    -2.900827615330912e-06,
    -2.5325742439621646e-06,
    -2.3355963575922555e-06,
    -2.4066657131075937e-06,
    -2.2573812913508683e-06,
    -2.3265672812485183e-06,
    -2.1955071914984496e-06,
    -1.9755411659711916e-06,
    -2.145210250884306e-06,
    -1.762333099425096e-06,
    -1.7237241042620503e-06,
    -1.5656321785871913e-06,
    -1.4871401468138003e-06,
    -1.3458323323791358e-06,
    -1.2886666465709883e-06,
    -1.3147014065805235e-06,
    -1.2643490728599795e-06,
    -1.1521780323934175e-06,
    -1.056458744528605e-06,
    -9.281129169922972e-07,
    -1.023721418644288e-06,
    -8.95874129065608e-07
  ]
}