{
  "t": [
    0.0045000000000000005,
    0.0105,
    0.023,
    0.049,
    0.10600000000000001,
    0.2275,
    0.488,
    1.048,
    2.249,
    4.8265,
    10.3585,
    22.2295,
    47.705,
    102.32,
    219.69,
    471.385,
    1011.665,
    2170.6679999999997,
    4660.464,
    9998.742
  ],
  "t_meas": [
    0.011510300000000001,
    0.0250516,
    0.051356000000000006,
    0.1046823,
    0.2201508,
    0.4645728,
    0.987117,
    2.1085739,
    4.5120051000000005,
    9.6685853,
    20.7343878,
    44.478128000000005,
    95.4313941,
    204.66497800000002,
    439.4101094,
    942.8086964,
    2023.3844211,
    4341.421008,
    9321.0742395,
    19997.758339800002
  ],
  "i_d": [
    -4.5922304414290336e-08,
    -4.126928347639959e-08,
    -4.165703522124565e-08,
    -4.1380069689201225e-08,
    -4.049377998674777e-08,
    -4.0438386880367094e-08,
    -3.9939848922739545e-08,
    -3.999524202914037e-08,
    -3.92197385395087e-08,
    -3.811187641145195e-08,
    -3.595154526169897e-08,
    -3.4289752069634e-08,
    -3.3237283047957916e-08,
    -2.980291045094571e-08,
    -2.775336551401453e-08,
    -2.409742049141919e-08,
    -2.2934165256921317e-08,
    -2.514988951307512e-08,
    -2.7310220662807948e-08,
    -4.1712428327646466e-08
  ]
}