{
  "t": [
    0.0101533,
    0.0118635,
    0.013360400000000001,
    0.0153492,
    0.017614900000000003,
    0.02066,
    0.0236373,
    0.027625800000000002,
    0.0306217,
    0.0355508,
    0.040612300000000004,
    0.0465754,
    0.054155,
    0.0621152,
    0.07108980000000001,
    0.0820666,
    0.0939798,
    0.1079933,
    0.12392860000000001,
    0.14189870000000002,
    0.1638554,
    0.1877792,
    0.2157231,
    0.2486173,
    0.2849025,
    0.32775920000000003,
    0.376637,
    0.43351930000000005,
    0.4979057,
    0.5727343,
    0.6585045,
    0.7569398,
    0.8706181000000001,
    1.0002601,
    1.1503987,
    1.3225263,
    1.5206186000000002,
    1.7481341000000001,
    2.0100075,
    2.3110117000000003,
    2.6566593000000003,
    3.0547519000000003,
    3.5112907000000004,
    4.037052,
    4.6425938,
    5.3377217,
    6.1369366,
    7.0549825,
    8.111501500000001,
    9.3266725,
    10.7230162,
    12.3292596,
    14.1752081,
    16.2984584,
    18.7390459,
    21.5446299,
    24.7712702,
    28.480866300000002,
    32.7457769,
    37.649625300000004,
    43.288177100000006,
    49.770749200000004,
    57.2241895,
    65.79411730000001,
    75.6466699,
    86.9758987,
    100.00069710000001,
    114.97642990000001,
    132.19490380000002,
    151.9913961,
    174.75296310000002,
    200.92340570000002,
    231.01325920000002,
    265.6093794,
    305.386166,
    351.1194712,
    403.70206890000003,
    464.15927170000003,
    533.6702342,
    613.5909138000001,
    705.4809792000001,
    811.1316616,
    932.6036656000001,
    1072.2682329000002,
    1232.8478562,
    1417.4743429,
    1629.7513942,
    1873.817677,
    2154.4357578,
    2477.0766596000003,
    2848.0361509000004,
    3274.5499630000004,
    3764.9363671,
    4328.7624132,
    4977.0241001,
    5722.3678236000005,
    6579.3324686000005,
    7564.6337319,
    8697.4909474,
    10000.0008935
  ],
  "i_d": [
    -7.154033884038494e-07,
    -7.263712234716959e-07,
    -7.186161885752582e-07,
    -6.842724626052169e-07,
    -7.126891261901083e-07,
    -7.29473237430283e-07,
    -7.100856501891488e-07,
    -6.898117732455611e-07,
    -7.588869769304094e-07,
    -7.660326876564178e-07,
    -7.165112505319263e-07,
    -7.669189773588712e-07,
    -7.093101466994767e-07,
    -7.055988085704806e-07,
    -7.147386711270194e-07,
    -6.973452357163953e-07,
    -7.429337622862672e-07,
    -7.302487409199146e-07,
    -6.950187252474601e-07,
    -7.041585878039988e-07,
    -7.031061187823429e-07,
    -6.816689866042776e-07,
    -7.043801602296022e-07,
    -7.348463687513844e-07,
    -6.864881868613707e-07,
    -7.118582295940355e-07,
    -6.975668081419986e-07,
    -7.090885742738937e-07,
    -7.344586170065786e-07,
    -7.448171279039758e-07,
    -6.978437736740431e-07,
    -7.297502029622871e-07,
    -6.81502807285075e-07,
    -7.056542016769016e-07,
    -6.3702214284328e-07,
    -6.730276620053663e-07,
    -6.908642422672171e-07,
    -6.780684346880829e-07,
    -6.625583648951676e-07,
    -6.333108047142435e-07,
    -6.604534268518356e-07,
    -6.338093426718914e-07,
    -6.411766258235231e-07,
    -6.344740599487214e-07,
    -6.181330935597735e-07,
    -6.081069413007611e-07,
    -6.697594687275767e-07,
    -6.944094010770309e-07,
    -6.938554700129823e-07,
    -6.539724334026572e-07,
    -6.855465040524962e-07,
    -7.146278849141975e-07,
    -7.106949743595779e-07,
    -6.123168173874251e-07,
    -6.55135688637135e-07,
    -6.223983627528181e-07,
    -6.759081035383501e-07,
    -6.852695385204922e-07,
    -7.463681348832794e-07,
    -7.734553639144504e-07,
    -7.550648525885712e-07,
    -8.688976862472387e-07,
    -8.518366094750398e-07,
    -9.724827952212905e-07,
    -9.287776342691272e-07,
    -1.1021026642048775e-06,
    -1.0777850904938685e-06,
    -1.1126273544214972e-06,
    -1.1639213709508955e-06,
    -1.1610409294179317e-06,
    -1.245072271831627e-06,
    -1.3296021522029897e-06,
    -1.6172031606486138e-06,
    -1.5012099958402339e-06,
    -1.7544118852094561e-06,
    -1.5929963731504065e-06,
    -1.9686170276707867e-06,
    -1.7893095422434856e-06,
    -2.0395202038669224e-06,
    -2.2458041321125926e-06,
    -2.4022342645953463e-06,
    -2.3855609395679732e-06,
    -2.4397353976303353e-06,
    -2.578882880915287e-06,
    -2.590016895302316e-06,
    -2.8915769665615723e-06,
    -2.976605384890542e-06,
    -3.165495877725609e-06,
    -3.4817351221817074e-06,
    -3.3867913378065466e-06,
    -3.4524875620007835e-06,
    -3.7551554953880966e-06,
    -3.759088405942716e-06,
    -3.587535955411893e-06,
    -3.656278800458316e-06,
    -4.072779567504276e-06,
    -4.13493063288872e-06,
    -4.497921659149148e-06,
    -3.985480031812751e-06,
    -4.330634477811349e-06
  ]
}