{
  "t": [
    0.0103184,
    0.011883600000000001,
    0.0133088,
    0.015367100000000002,
    0.0183736,
    0.0204655,
    0.023550500000000002,
    0.027118000000000003,
    0.031028100000000003,
    0.0360487,
    0.0410301,
    0.0470095,
    0.0540075,
    0.06200750000000001,
    0.070952,
    0.0819333,
    0.09394830000000001,
    0.1078645,
    0.1240098,
    0.14196340000000002,
    0.16390680000000002,
    0.1879595,
    0.2160156,
    0.24788600000000002,
    0.2851306,
    0.3276024,
    0.3774657,
    0.43331850000000005,
    0.49852680000000005,
    0.5730357,
    0.6588109000000001,
    0.7571764000000001,
    0.8698827,
    1.000291,
    1.1506244,
    1.3229569,
    1.5204074,
    1.7482539000000001,
    2.0098396000000003,
    2.3106427000000003,
    2.656276,
    3.0542663,
    3.5121165000000003,
    4.0377174,
    4.6420864,
    5.3374402000000005,
    6.136212,
    7.0557463,
    8.111742300000001,
    9.3269622,
    10.7232073,
    12.3289921,
    14.1753858,
    16.298222600000003,
    18.7387818,
    21.544724600000002,
    24.771714000000003,
    28.481321,
    32.7462947,
    37.6497218,
    43.2883774,
    49.770722000000006,
    57.224356900000004,
    65.7940146,
    75.6471697,
    86.97522000000001,
    100.00007760000001,
    114.9764586,
    132.1947542,
    151.9912147,
    174.7538203,
    200.92339410000002,
    231.0133063,
    265.60992830000004,
    305.3865262,
    351.11970610000003,
    403.70221840000005,
    464.1598736,
    533.6704064,
    613.5917218000001,
    705.4803669,
    811.131019,
    932.6035466000001,
    1072.2677032000001,
    1232.8477685,
    1417.4751149,
    1629.7518042000002,
    1873.8180367000002,
    2154.4352702,
    2477.0770184000003,
    2848.0366549,
    3274.5500449,
    3764.9362923000003,
    4328.7622137,
    4977.024178600001,
    5722.3685462,
    6579.3325615,
    7564.634105700001,
    8697.4901358,
    10000.0005106
  ],
  "i_d": [
    -6.129248642724582e-06,
    -6.0511443626960165e-06,
    -5.9768068139028695e-06,
    -6.000459670337068e-06,
    -5.7239372831720716e-06,
    -5.88391257446464e-06,
    -5.9834539866712695e-06,
    -5.681229198135183e-06,
    -5.695022081629573e-06,
    -5.59924740065838e-06,
    -5.747700925819073e-06,
    -5.693858826395136e-06,
    -5.659792065957118e-06,
    -5.556096170770265e-06,
    -5.328541289665752e-06,
    -5.505965409475324e-06,
    -5.461318565714306e-06,
    -5.405260742034236e-06,
    -5.448190399496748e-06,
    -5.2607401274281835e-06,
    -5.284005232117536e-06,
    -5.218419794136101e-06,
    -5.039001522495998e-06,
    -4.828618504376486e-06,
    -4.878416907033022e-06,
    -4.7674645149073175e-06,
    -4.958459945785696e-06,
    -4.827510642248429e-06,
    -4.66875399929674e-06,
    -4.4837964170163335e-06,
    -4.4028670885611854e-06,
    -4.576413690922559e-06,
    -4.439371145680939e-06,
    -4.669640288999194e-06,
    -4.536032116354567e-06,
    -4.394391943281497e-06,
    -4.265049039829914e-06,
    -4.268483412426926e-06,
    -3.991130128665897e-06,
    -3.876355612198396e-06,
    -4.323267194659738e-06,
    -4.272250143662343e-06,
    -3.985923176663998e-06,
    -4.01899286118672e-06,
    -4.115376866328363e-06,
    -4.1426856677851775e-06,
    -3.9167925798727495e-06,
    -3.6408241237718015e-06,
    -3.555241774378803e-06,
    -3.2114721560402865e-06,
    -3.696604981919868e-06,
    -3.508600778787255e-06,
    -3.267419193507555e-06,
    -3.2816552218531912e-06,
    -3.1418430212914096e-06,
    -3.1498750217198916e-06,
    -3.370671943843202e-06,
    -3.4063451043668835e-06,
    -3.0119461867758186e-06,
    -3.0760914039907722e-06,
    -3.0105613591157375e-06,
    -2.9470254660712136e-06,
    -2.8284842183682745e-06,
    -2.5995445096036802e-06,
    -2.543265113498007e-06,
    -2.47297126147228e-06,
    -2.4675427370447577e-06,
    -2.4125927754927438e-06,
    -2.1068782212532647e-06,
    -2.052426797658878e-06,
    -1.9018129413484727e-06,
    -1.8335132411532763e-06,
    -1.821769902595778e-06,
    -1.992713028956192e-06,
    -1.560425226585292e-06,
    -1.483705774216808e-06,
    -1.2885004672517858e-06,
    -1.0394530608628068e-06,
    -1.1420964870280043e-06,
    -1.00738045225534e-06,
    -8.977021015769157e-07,
    -7.544555284181421e-07,
    -7.848663438335236e-07,
    -7.393886034764735e-07,
    -7.022752221862902e-07,
    -5.750372567780394e-07,
    -5.93261588784716e-07,
    -5.269006473136289e-07,
    -5.185916813531429e-07,
    -4.7616056184825905e-07,
    -4.1594825518792526e-07,
    -3.916306814769163e-07,
    -3.7041512172447436e-07,
    -3.6299244546644175e-07,
    -3.314183748165825e-07,
    -4.070853581634108e-07,
    -3.4631912043906877e-07,
    -3.711906252141262e-07,
    -3.692518664899967e-07,
    -3.9074439177444266e-07
  ]
}