{
    "timestamp": "20251029-035818",
    "settings": "settings/NBTI_GAX2.toml",
    "chip": "Wafer9_25C",
    "device": "mod_fet_tlm_pmos_lc_0.16_lch_0.40_lov_0.06_gateasym_0.00_w_4.0_1",
    "polarity": "PMOS",
    "tstart": 0.005,
    "tend": 10000.0,
    "samples": 20,
    "efield_ox": 0.0,
    "eot": 0.0,
    "v_read": -0.8,
    "v_gate": -1.2,
    "v_read_gate_bias": -0.6,
    "v_boost": 0,
    "v_wl_initial_sweep": [
        0.4,
        0.19999999999999998,
        0.0,
        -0.20000000000000007,
        -0.40000000000000013,
        -0.6000000000000002,
        -0.8
    ],
    "v_t_initial": -0.10615902821970935,
    "v_s": 0,
    "v_d": -0.8,
    "v_g_read": -0.6,
    "v_g_stress": -1.2,
    "v_g_relax": 0,
    "ac": true,
    "ac_mode": "",
    "ac_freq": 1000.0,
    "ac_dutycycle": 0.5,
    "ac_period": 0.001,
    "ac_t_stress": 0.0005,
    "ac_t_relax": 0.0005,
    "t_unit": 1e-06
}