{
  "t": [
    0.0045000000000000005,
    0.0105,
    0.023,
    0.049,
    0.10600000000000001,
    0.2275,
    0.488,
    1.048,
    2.249,
    4.8265,
    10.3585,
    22.2295,
    47.705,
    102.32,
    219.69,
    471.385,
    1011.665,
    2170.6679999999997,
    4660.464,
    9998.742
  ],
  "t_meas": [
    0.0111602,
    0.024691900000000003,
    0.0514507,
    0.1050302,
    0.2207519,
    0.46525780000000005,
    0.9877108000000001,
    2.1091841000000002,
    4.512739600000001,
    9.669258000000001,
    20.7348326,
    44.4785891,
    95.43168770000001,
    204.6653694,
    439.41056640000005,
    942.8093456,
    2023.3850919000001,
    4341.4214153,
    9321.0750521,
    19997.761091700002
  ],
  "i_d": [
    -4.547915956304345e-08,
    -4.027220756114448e-08,
    -3.816726951783262e-08,
    -4.248793181727813e-08,
    -3.7613338453804244e-08,
    -3.517604177204715e-08,
    -3.572997283609568e-08,
    -3.733637292177998e-08,
    -3.622851079372324e-08,
    -3.168627606865428e-08,
    -2.841808279084455e-08,
    -2.426359981064181e-08,
    -3.140931053663002e-08,
    -2.7254827556386975e-08,
    -2.4706744661828236e-08,
    -2.4208206704220837e-08,
    -2.498371019387265e-08,
    -2.365427564019246e-08,
    -2.6811682705160246e-08,
    -3.2129420919881014e-08
  ]
}