{
  "t": [
    0.0106318,
    0.012208100000000001,
    0.013612500000000001,
    0.015578000000000002,
    0.017644,
    0.0206702,
    0.0236675,
    0.0266582,
    0.030663700000000002,
    0.0352053,
    0.0412095,
    0.0471907,
    0.05423360000000001,
    0.06216000000000001,
    0.0708274,
    0.08184870000000001,
    0.0938553,
    0.1078168,
    0.12377400000000001,
    0.1427229,
    0.1632538,
    0.1882123,
    0.2161576,
    0.2480507,
    0.2850529,
    0.3281984,
    0.3770642,
    0.4339084,
    0.4983366,
    0.5731839000000001,
    0.6589285,
    0.7572326,
    0.8699177,
    1.0002347,
    1.1500757000000001,
    1.3227719,
    1.5209137000000001,
    1.7478220000000002,
    2.0096727000000003,
    2.3111949000000003,
    2.6562487000000004,
    3.0549303,
    3.5113773000000004,
    4.0377562000000005,
    4.6424987,
    5.3376172,
    6.1362414,
    7.0549996,
    8.1122964,
    9.3261008,
    10.723638600000001,
    12.3287668,
    14.1751301,
    16.2977195,
    18.738483600000002,
    21.5453219,
    24.770907100000002,
    28.481829100000002,
    32.7458997,
    37.649440500000004,
    43.2877378,
    49.770366,
    57.224597700000004,
    65.7942761,
    75.6472117,
    86.9755093,
    100.00013910000001,
    114.9759001,
    132.1942251,
    151.9912605,
    174.7535751,
    200.92348130000002,
    231.0139202,
    265.6092156,
    305.38596590000003,
    351.1193519,
    403.70221410000005,
    464.15934050000004,
    533.6705048,
    613.5908859,
    705.4805513,
    811.1316201000001,
    932.6036879000001,
    1072.2675733,
    1232.8475932000001,
    1417.4750102,
    1629.7512363,
    1873.8176738000002,
    2154.4355002,
    2477.0768779,
    2848.0365676,
    3274.5499187,
    3764.9362536000003,
    4328.761651700001,
    4977.0240414,
    5722.3680142,
    6579.3327532,
    7564.6344126,
    8697.4905806,
    10000.0005198
  ],
  "i_d": [
    -2.3411620875003696e-05,
    -2.357386728365878e-05,
    -2.3396498556955594e-05,
    -2.3093996802887506e-05,
    -2.275305223297556e-05,
    -2.290316755132834e-05,
    -2.242302010502505e-05,
    -2.2725577252199562e-05,
    -2.2147660973094555e-05,
    -2.1984140522992194e-05,
    -2.1868368930609395e-05,
    -2.1427993734703656e-05,
    -2.107918334368244e-05,
    -2.0684119708814527e-05,
    -2.0882316243525312e-05,
    -2.0127972920525986e-05,
    -2.018896073067595e-05,
    -2.046581547647935e-05,
    -1.9948665435098706e-05,
    -2.0135894134741646e-05,
    -1.920445905057115e-05,
    -1.9402766371494743e-05,
    -1.915881513089488e-05,
    -1.856976483740282e-05,
    -1.7967641770799585e-05,
    -1.7647358829576044e-05,
    -1.7279991747909773e-05,
    -1.7154470968800006e-05,
    -1.703221838296807e-05,
    -1.7073541640344877e-05,
    -1.733012250920469e-05,
    -1.5992489775779234e-05,
    -1.555671220770494e-05,
    -1.5036903297216912e-05,
    -1.481798974071131e-05,
    -1.4585726445562527e-05,
    -1.2750885189061582e-05,
    -1.297024189041841e-05,
    -1.2447884897035844e-05,
    -1.2224318319592372e-05,
    -1.1327171568285478e-05,
    -1.0573105210818175e-05,
    -1.0480875688656775e-05,
    -9.559023611894047e-06,
    -8.494035748185347e-06,
    -7.66457937290322e-06,
    -6.758902083210217e-06,
    -6.782388760325214e-06,
    -6.087260668070925e-06,
    -6.568682155821491e-06,
    -6.337083577949556e-06,
    -5.963457075259686e-06,
    -5.257305754831171e-06,
    -4.468341740329819e-06,
    -4.047908062729219e-06,
    -3.271352104062195e-06,
    -2.5734543564877644e-06,
    -3.1225108271566763e-06,
    -2.319033818777684e-06,
    -2.295380962343485e-06,
    -2.0349779691418535e-06,
    -1.808364770846215e-06,
    -1.5552182745833933e-06,
    -1.5463553775588587e-06,
    -1.5868477383396333e-06,
    -1.643182527551728e-06,
    -1.0313656673279238e-06,
    -7.912919441763011e-07,
    -1.0504762890370539e-06,
    -5.622414491988851e-07,
    -5.93593947423121e-07,
    -5.493348554069293e-07,
    -5.008658873040939e-07,
    -4.3251079400249654e-07,
    -4.0276469586396527e-07,
    -3.616076178063607e-07,
    -3.961175230955643e-07,
    -2.9186769684468247e-07,
    -3.7667454274804943e-07,
    -3.089841667232822e-07,
    -2.4965814976542205e-07,
    -2.2966123835381834e-07,
    -2.1221240983683385e-07,
    -1.916061742548211e-07,
    -1.773147528027842e-07,
    -1.7249555254571117e-07,
    -1.1699165992964878e-07,
    -1.3527138504270607e-07,
    -2.0506669911078517e-07,
    -1.4795640640905865e-07,
    -1.0652236281942987e-07,
    -1.6318951066992965e-07,
    -1.3399734359544688e-07,
    -1.6889500062947635e-07,
    -1.5515751024146783e-07,
    -1.1671469439762451e-07,
    -2.0573141638763534e-07,
    -2.2140766549973308e-07,
    -2.3143381775872524e-07,
    -2.2162923792535651e-07
  ]
}