{
  "t": [
    0.010907,
    0.0127186,
    0.014338900000000002,
    0.0157341,
    0.0176906,
    0.0207313,
    0.0237641,
    0.026710200000000003,
    0.030748400000000002,
    0.0357294,
    0.040701100000000004,
    0.046706300000000006,
    0.053685000000000004,
    0.06166340000000001,
    0.0706445,
    0.0816187,
    0.0942063,
    0.1081894,
    0.12414950000000001,
    0.14208120000000002,
    0.16374180000000002,
    0.18757800000000002,
    0.215532,
    0.24848640000000002,
    0.2853738,
    0.3279804,
    0.37677160000000004,
    0.4336489,
    0.49816030000000006,
    0.5730675000000001,
    0.6587985000000001,
    0.7574436,
    0.8701556,
    1.0004798000000001,
    1.1507786,
    1.3226367,
    1.5200635,
    1.7477661000000002,
    2.0094954,
    2.3102129000000002,
    2.6566087,
    3.0540644,
    3.5115084000000003,
    4.0379495,
    4.6424823,
    5.3376617,
    6.1369562,
    7.0558364000000005,
    8.112337700000001,
    9.3262456,
    10.7233847,
    12.3289583,
    14.175558100000002,
    16.2979862,
    18.7389234,
    21.544665400000003,
    24.771492700000003,
    28.4812744,
    32.745620100000004,
    37.650267500000005,
    43.2878569,
    49.7704984,
    57.2245636,
    65.79417620000001,
    75.64681610000001,
    86.9754906,
    100.00073780000001,
    114.97664200000001,
    132.1948155,
    151.9914891,
    174.75308660000002,
    200.92362150000002,
    231.0134371,
    265.6097682,
    305.38605340000004,
    351.1196138,
    403.70187430000004,
    464.15992980000004,
    533.6701706,
    613.5915384,
    705.4811091,
    811.1309640000001,
    932.6040608000001,
    1072.2674181,
    1232.8475208,
    1417.4744930000002,
    1629.7513406,
    1873.8176208000002,
    2154.4356679,
    2477.0768467000003,
    2848.0369105,
    3274.5498267000003,
    3764.9368603000003,
    4328.7623802,
    4977.0240021,
    5722.3685111,
    6579.332738700001,
    7564.633870400001,
    8697.4907796,
    10000.0006579
  ],
  "i_d": [
    -1.1250354102558255e-06,
    -1.3097714201106287e-06,
    -1.2384250990632661e-06,
    -1.2059647387109535e-06,
    -1.3217363310937303e-06,
    -1.4292543506224219e-06,
    -1.360733078001602e-06,
    -1.389925245076105e-06,
    -1.3984003903558137e-06,
    -1.521927017635048e-06,
    -1.5595943299892395e-06,
    -1.5931071593632082e-06,
    -1.550122108794296e-06,
    -1.5682910476945517e-06,
    -1.6313284027814483e-06,
    -1.6718761566686035e-06,
    -1.749204933207537e-06,
    -1.8537317249904428e-06,
    -1.8986555342834646e-06,
    -1.907684610627202e-06,
    -2.068324619196599e-06,
    -2.0252287824148853e-06,
    -2.0252287824148853e-06,
    -2.0713158469423848e-06,
    -2.173405342043554e-06,
    -2.283471444466804e-06,
    -2.2180521858045514e-06,
    -2.3614649382825476e-06,
    -2.679753727675578e-06,
    -2.505653194250196e-06,
    -2.712324874240672e-06,
    -2.756750145576066e-06,
    -2.8488134884182627e-06,
    -3.0637387412628447e-06,
    -3.0915460806772666e-06,
    -3.0323862430386088e-06,
    -3.310902782034115e-06,
    -3.467665273155274e-06,
    -3.537405194116952e-06,
    -3.6117981360165213e-06,
    -3.6037107424816383e-06,
    -3.8027381737884787e-06,
    -4.355838341224831e-06,
    -4.356724630927285e-06,
    -4.376887721658071e-06,
    -4.513043977197237e-06,
    -4.836096573740939e-06,
    -5.13599485180807e-06,
    -4.92046027479308e-06,
    -5.485192994574109e-06,
    -6.02366938192002e-06,
    -5.736566911432003e-06,
    -6.0860974128364675e-06,
    -6.534338429851489e-06,
    -6.718742081067888e-06,
    -7.219606549165968e-06,
    -7.978104355145577e-06,
    -7.955891719477861e-06,
    -9.432228791337044e-06,
    -9.482248766419163e-06,
    -1.0443873093579414e-05,
    -1.1152129352051263e-05,
    -1.1911291875307662e-05,
    -1.2535073646514567e-05,
    -1.2617277016416975e-05,
    -1.3145671858397493e-05,
    -1.4289594898730812e-05,
    -1.5117888018778461e-05,
    -1.5986784285819705e-05,
    -1.6549356674451022e-05,
    -1.8301828381730334e-05,
    -1.720210904030681e-05,
    -1.81610744983597e-05,
    -1.850434557874059e-05,
    -1.9964895615274852e-05,
    -2.0744608981006864e-05,
    -2.1151305168219455e-05,
    -2.1505931835412995e-05,
    -2.2070719948300446e-05,
    -2.2554357160307126e-05,
    -2.440841982473001e-05,
    -2.3666983095522632e-05,
    -2.428766285277095e-05,
    -2.510448959979312e-05,
    -2.569797134179745e-05,
    -2.5767212724801498e-05,
    -2.7563998917203427e-05,
    -2.6876847432271218e-05,
    -2.6828766215913208e-05,
    -2.8164626369933768e-05,
    -2.8533322886153744e-05,
    -2.9306167506691752e-05,
    -3.11086037959468e-05,
    -2.9325832059464898e-05,
    -2.9642625234985027e-05,
    -3.0458067154347135e-05,
    -3.0550075104082916e-05,
    -3.126813594238813e-05,
    -3.154022688104086e-05,
    -3.125960540400204e-05
  ]
}