{
  "t": [
    0.0045000000000000005,
    0.0105,
    0.023,
    0.049,
    0.10600000000000001,
    0.2275,
    0.488,
    1.048,
    2.249,
    4.8265,
    10.3585,
    22.2295,
    47.705,
    102.32,
    219.69,
    471.385,
    1011.665,
    2170.6679999999997,
    4660.464,
    9998.742
  ],
  "t_meas": [
    0.0123773,
    0.0258496,
    0.052126200000000004,
    0.10555110000000001,
    0.2209384,
    0.46532870000000004,
    0.9877846,
    2.1095449,
    4.5133072,
    9.6698834,
    20.7355929,
    44.4794275,
    95.4324165,
    204.66600640000001,
    439.41125120000004,
    942.8105270000001,
    2023.3866197000002,
    4341.4242561,
    9321.0806272,
    19997.767154700003
  ],
  "i_d": [
    -6.863347803963508e-08,
    -6.896583667801988e-08,
    -6.819033318836805e-08,
    -6.669471931550555e-08,
    -6.503292612340027e-08,
    -6.320495361209252e-08,
    -6.19309121648333e-08,
    -5.467441522600315e-08,
    -4.703016654236724e-08,
    -5.2237118544225906e-08,
    -4.309725598772748e-08,
    -4.03276006675453e-08,
    -3.417896585679205e-08,
    -2.5482248151480056e-08,
    -2.7310220662807948e-08,
    -2.4651351555427415e-08,
    -2.370966874657313e-08,
    -3.046762772775558e-08,
    -2.2767985937739e-08,
    -2.8251903471642083e-08
  ]
}