{
  "t": [
    0.0106292,
    0.0122544,
    0.013884700000000002,
    0.015395500000000001,
    0.0176994,
    0.020728800000000002,
    0.023720900000000003,
    0.026713200000000003,
    0.030709700000000003,
    0.035685800000000004,
    0.040678200000000005,
    0.046667,
    0.0536837,
    0.0616794,
    0.0706466,
    0.08163000000000001,
    0.0935479,
    0.1075577,
    0.12349650000000001,
    0.1424636,
    0.1633863,
    0.1879366,
    0.21584340000000002,
    0.2478334,
    0.28573950000000004,
    0.3276332,
    0.3770138,
    0.4339044,
    0.49785510000000005,
    0.5730668,
    0.6584994000000001,
    0.7572697,
    0.8705572,
    1.0008025,
    1.1505234,
    1.3226901,
    1.5206255000000002,
    1.7478783000000002,
    2.0099801,
    2.3110683,
    2.6571873000000004,
    3.0549150000000003,
    3.5117157000000003,
    4.037425300000001,
    4.6425771000000005,
    5.337770900000001,
    6.136781900000001,
    7.054917100000001,
    8.111885000000001,
    9.3264174,
    10.722843500000002,
    12.3288735,
    14.1751696,
    16.2981637,
    18.7385497,
    21.5445962,
    24.771423400000003,
    28.480736200000003,
    32.7457471,
    37.6495715,
    43.2880837,
    49.7709181,
    57.224544800000004,
    65.79349020000001,
    75.6468107,
    86.975317,
    100.0003276,
    114.97613240000001,
    132.1946207,
    151.9918005,
    174.75299460000002,
    200.92397050000002,
    231.0131364,
    265.6095945,
    305.38646450000005,
    351.11948240000004,
    403.70226010000005,
    464.15963400000004,
    533.670213,
    613.5908826,
    705.4802694,
    811.1314781000001,
    932.6040951000001,
    1072.2676848,
    1232.8474691000001,
    1417.4744497000002,
    1629.7518621000002,
    1873.8184466,
    2154.4353295,
    2477.0771138,
    2848.0364832,
    3274.5501611000004,
    3764.9367801000003,
    4328.762111200001,
    4977.024504200001,
    5722.3687163,
    6579.3329033,
    7564.6336441,
    8697.4901559,
    10000.0002655
  ],
  "i_d": [
    -4.98045100902777e-06,
    -5.0160687764450704e-06,
    -4.974634732855462e-06,
    -5.106747291627166e-06,
    -4.8406388084659884e-06,
    -4.80784608947527e-06,
    -4.690578883219631e-06,
    -4.824020876545037e-06,
    -4.570098876792562e-06,
    -4.386747694597841e-06,
    -4.3375032230053735e-06,
    -4.156977089237194e-06,
    -4.354675085990374e-06,
    -4.394724301919922e-06,
    -4.061091622053179e-06,
    -3.9843721696846945e-06,
    -3.866883391003432e-06,
    -3.8019072771924256e-06,
    -3.886049405818943e-06,
    -3.7429690119793716e-06,
    -3.7465141707891852e-06,
    -3.6669696699941183e-06,
    -3.5206764759831786e-06,
    -3.531422738625401e-06,
    -3.3736631715889673e-06,
    -3.2463698130743157e-06,
    -3.2702996350405393e-06,
    -3.1764083196870343e-06,
    -3.0549312373447105e-06,
    -3.0692226587967675e-06,
    -3.114312647408992e-06,
    -3.0223046976732157e-06,
    -2.908250291588945e-06,
    -2.880442952174523e-06,
    -2.861997047742223e-06,
    -2.7906507266948605e-06,
    -2.844326646799615e-06,
    -2.6787566517603223e-06,
    -2.6826341692085413e-06,
    -2.518116643190925e-06,
    -2.4148084997488773e-06,
    -2.4355255215436913e-06,
    -2.3658409936884343e-06,
    -2.348115199639365e-06,
    -2.2598185880326053e-06,
    -2.147758333778845e-06,
    -2.152909892674363e-06,
    -2.2600955535646292e-06,
    -2.3727097388824183e-06,
    -2.1112542766591307e-06,
    -2.056304315107097e-06,
    -2.269401595440371e-06,
    -2.079347847370867e-06,
    -2.007170629727431e-06,
    -1.8879646647476625e-06,
    -1.8122976814008344e-06,
    -1.991383594402512e-06,
    -1.7973415426719473e-06,
    -1.6645088735169717e-06,
    -1.779117210665291e-06,
    -1.6465615070423396e-06,
    -1.5189911829956836e-06,
    -1.5248628522744128e-06,
    -1.5833579726362204e-06,
    -1.2706084938835345e-06,
    -1.3243398070946695e-06,
    -1.3974587075469393e-06,
    -1.23670791276476e-06,
    -1.2800253219720974e-06,
    -1.1353385280468218e-06,
    -1.2285651261234763e-06,
    -1.2212532360782456e-06,
    -9.96301830974692e-07,
    -9.522089182777027e-07,
    -9.77523567903987e-07,
    -9.83782988927562e-07,
    -8.116766073326903e-07,
    -7.103072226147521e-07,
    -7.713504258711385e-07,
    -7.840908403438717e-07,
    -6.171360176444981e-07,
    -5.806873536311651e-07,
    -4.6242307146027067e-07,
    -4.5793622984158236e-07,
    -4.839155967447167e-07,
    -3.988871784157465e-07,
    -3.35794430222449e-07,
    -2.9075983471662574e-07,
    -2.905936553974031e-07,
    -2.7763166849904645e-07,
    -2.0346029902510086e-07,
    -1.8340799450713665e-07,
    -1.9974896089606441e-07,
    -2.0296176106745317e-07,
    -2.3813638363352704e-07,
    -1.9199392599962684e-07,
    -2.3193235571637296e-07,
    -2.434541218482478e-07,
    -2.423462597201709e-07,
    -1.9692391246950154e-07
  ]
}